{
  "stage": 1,
  "stage_name": "layout_detection",
  "processing_timestamp": "2025-09-24T17:30:54.546606",
  "layout_elements": [
    {
      "label": "Table",
      "confidence": 0.9904090166091919,
      "bbox": [
        177.27149963378906,
        747.9230346679688,
        1060.357421875,
        974.62646484375
      ]
    },
    {
      "label": "Text",
      "confidence": 0.9886081218719482,
      "bbox": [
        136.0876007080078,
        369.64263916015625,
        1082.35498046875,
        665.6660766601562
      ]
    },
    {
      "label": "Text",
      "confidence": 0.9883055686950684,
      "bbox": [
        135.9867706298828,
        139.9786376953125,
        1086.7161865234375,
        336.328125
      ]
    },
    {
      "label": "Text",
      "confidence": 0.9875001311302185,
      "bbox": [
        135.94667053222656,
        1013.6892700195312,
        1080.90966796875,
        1134.8856201171875
      ]
    },
    {
      "label": "Table",
      "confidence": 0.9858346581459045,
      "bbox": [
        176.99842834472656,
        1162.995361328125,
        1062.6217041015625,
        1329.1727294921875
      ]
    },
    {
      "label": "Text",
      "confidence": 0.9844235777854919,
      "bbox": [
        136.1934814453125,
        1364.7901611328125,
        1070.3277587890625,
        1435.67041015625
      ]
    },
    {
      "label": "Text",
      "confidence": 0.9632992148399353,
      "bbox": [
        178.2948760986328,
        699.9401245117188,
        924.43505859375,
        720.7891235351562
      ]
    },
    {
      "label": "Page-header",
      "confidence": 0.9307800531387329,
      "bbox": [
        1182.9566650390625,
        948.9756469726562,
        1205.764892578125,
        1085.6229248046875
      ]
    },
    {
      "label": "Page-footer",
      "confidence": 0.9184540510177612,
      "bbox": [
        600.7847290039062,
        1465.0030517578125,
        622.5134887695312,
        1482.36181640625
      ]
    }
  ],
  "summary": {
    "total_layout_elements": 9,
    "layout_element_types": {
      "Table": 2,
      "Text": 5,
      "Page-header": 1,
      "Page-footer": 1
    }
  }
}