{
  "stage": 1,
  "stage_name": "layout_detection",
  "processing_timestamp": "2025-09-24T17:31:38.298468",
  "layout_elements": [
    {
      "label": "Table",
      "confidence": 0.9910140633583069,
      "bbox": [
        167.62698364257812,
        857.6581420898438,
        1197.7025146484375,
        1263.0511474609375
      ]
    },
    {
      "label": "Text",
      "confidence": 0.988796591758728,
      "bbox": [
        150.40252685546875,
        388.18121337890625,
        1216.1551513671875,
        601.9232788085938
      ]
    },
    {
      "label": "Text",
      "confidence": 0.9879958033561707,
      "bbox": [
        150.4291229248047,
        1724.25537109375,
        1215.3851318359375,
        1865.0302734375
      ]
    },
    {
      "label": "Text",
      "confidence": 0.9879605174064636,
      "bbox": [
        150.41891479492188,
        1430.2529296875,
        1214.7314453125,
        1715.5482177734375
      ]
    },
    {
      "label": "Text",
      "confidence": 0.983665943145752,
      "bbox": [
        150.60110473632812,
        183.54283142089844,
        1214.8480224609375,
        282.68817138671875
      ]
    },
    {
      "label": "Section-header",
      "confidence": 0.9623690247535706,
      "bbox": [
        152.0918426513672,
        337.88787841796875,
        715.864013671875,
        368.8289794921875
      ]
    },
    {
      "label": "Section-header",
      "confidence": 0.9555501937866211,
      "bbox": [
        151.8431854248047,
        1379.2705078125,
        549.779052734375,
        1409.855224609375
      ]
    },
    {
      "label": "Caption",
      "confidence": 0.9546292424201965,
      "bbox": [
        150.69985961914062,
        663.8713989257812,
        1214.308837890625,
        826.4752197265625
      ]
    },
    {
      "label": "Page-header",
      "confidence": 0.9486770033836365,
      "bbox": [
        334.6632385253906,
        106.81239318847656,
        1112.7091064453125,
        133.73605346679688
      ]
    },
    {
      "label": "Page-header",
      "confidence": 0.9025689959526062,
      "bbox": [
        1199.7779541015625,
        107.9096450805664,
        1214.3023681640625,
        128.96275329589844
      ]
    },
    {
      "label": "Text",
      "confidence": 0.32174035906791687,
      "bbox": [
        150.69985961914062,
        663.8713989257812,
        1214.308837890625,
        826.4752197265625
      ]
    }
  ],
  "summary": {
    "total_layout_elements": 11,
    "layout_element_types": {
      "Table": 1,
      "Text": 5,
      "Section-header": 2,
      "Caption": 1,
      "Page-header": 2
    }
  }
}