{
  "stage": 1,
  "stage_name": "layout_detection",
  "processing_timestamp": "2025-09-24T17:31:14.765031",
  "layout_elements": [
    {
      "label": "Text",
      "confidence": 0.9887058734893799,
      "bbox": [
        146.72372436523438,
        959.4717407226562,
        1266.3408203125,
        1257.5963134765625
      ]
    },
    {
      "label": "Text",
      "confidence": 0.9880630373954773,
      "bbox": [
        146.8566131591797,
        296.0464782714844,
        1266.6175537109375,
        785.95654296875
      ]
    },
    {
      "label": "Text",
      "confidence": 0.9792918562889099,
      "bbox": [
        147.60398864746094,
        1410.1383056640625,
        1264.9688720703125,
        1517.9578857421875
      ]
    },
    {
      "label": "Text",
      "confidence": 0.9763486385345459,
      "bbox": [
        147.7800750732422,
        215.79446411132812,
        1265.365234375,
        286.9290771484375
      ]
    },
    {
      "label": "Text",
      "confidence": 0.9698662757873535,
      "bbox": [
        147.46798706054688,
        1911.3115234375,
        1265.48828125,
        1976.196533203125
      ]
    },
    {
      "label": "Section-header",
      "confidence": 0.9660570025444031,
      "bbox": [
        148.2189483642578,
        866.8614501953125,
        915.9882202148438,
        904.5637817382812
      ]
    },
    {
      "label": "Section-header",
      "confidence": 0.9607230424880981,
      "bbox": [
        147.93447875976562,
        1336.031982421875,
        559.4078369140625,
        1368.5208740234375
      ]
    },
    {
      "label": "List-item",
      "confidence": 0.9527636766433716,
      "bbox": [
        166.7867889404297,
        1719.939697265625,
        1265.6964111328125,
        1789.26611328125
      ]
    },
    {
      "label": "List-item",
      "confidence": 0.9415187239646912,
      "bbox": [
        166.91383361816406,
        1601.0804443359375,
        1200.10400390625,
        1631.9984130859375
      ]
    },
    {
      "label": "List-item",
      "confidence": 0.9333699941635132,
      "bbox": [
        166.7489776611328,
        1640.2763671875,
        1266.834228515625,
        1709.5145263671875
      ]
    },
    {
      "label": "List-item",
      "confidence": 0.9332693815231323,
      "bbox": [
        167.65969848632812,
        1800.3360595703125,
        1182.3419189453125,
        1831.9051513671875
      ]
    },
    {
      "label": "Page-header",
      "confidence": 0.9298484325408936,
      "bbox": [
        254.27899169921875,
        134.96058654785156,
        459.87847900390625,
        162.7104949951172
      ]
    },
    {
      "label": "Text",
      "confidence": 0.9234015345573425,
      "bbox": [
        195.49981689453125,
        1528.641357421875,
        1033.5081787109375,
        1560.3831787109375
      ]
    },
    {
      "label": "List-item",
      "confidence": 0.9182753562927246,
      "bbox": [
        166.93869018554688,
        1839.150146484375,
        772.3478393554688,
        1870.6767578125
      ]
    },
    {
      "label": "Page-header",
      "confidence": 0.8854653239250183,
      "bbox": [
        148.7030792236328,
        136.52279663085938,
        163.8961944580078,
        159.27285766601562
      ]
    },
    {
      "label": "List-item",
      "confidence": 0.47145089507102966,
      "bbox": [
        168.0154266357422,
        1800.1624755859375,
        1182.2586669921875,
        1831.8360595703125
      ]
    }
  ],
  "summary": {
    "total_layout_elements": 16,
    "layout_element_types": {
      "Text": 6,
      "Section-header": 2,
      "List-item": 6,
      "Page-header": 2
    }
  }
}