{
  "layout_elements": [
    {
      "label": "Table",
      "confidence": 0.988732099533081,
      "bbox": [
        100.76789855957031,
        188.6362762451172,
        1134.5164794921875,
        523.4698486328125
      ]
    },
    {
      "label": "Text",
      "confidence": 0.9874230623245239,
      "bbox": [
        84.3397216796875,
        684.092041015625,
        1133.6495361328125,
        754.9221801757812
      ]
    },
    {
      "label": "Text",
      "confidence": 0.9853689074516296,
      "bbox": [
        83.63297271728516,
        558.8041381835938,
        1118.342041015625,
        654.6234741210938
      ]
    },
    {
      "label": "Text",
      "confidence": 0.9527512788772583,
      "bbox": [
        140.37564086914062,
        144.08248901367188,
        860.9195556640625,
        164.5527801513672
      ]
    },
    {
      "label": "Section-header",
      "confidence": 0.9499537348747253,
      "bbox": [
        84.79556274414062,
        93.65882873535156,
        210.27015686035156,
        110.89777374267578
      ]
    },
    {
      "label": "Page-footer",
      "confidence": 0.9249517917633057,
      "bbox": [
        606.9362182617188,
        1545.4180908203125,
        628.8145751953125,
        1561.715087890625
      ]
    }
  ],
  "total_elements": 6,
  "image_path": "pipe_input\\PHM.2013.page_30.png"
}