{
  "stage": 2,
  "stage_name": "ocr_extraction",
  "processing_timestamp": "2025-09-24T17:30:09.297110",
  "full_text": "Name of Project\nTeam Meeting\nDate: 6/24/23 Time: 3:00 PM Location: Room 21\nMeeting Goals / Purposes / Objectives\nA. Goal 1\nB. Goal 2\nC. Goal 3\nPrework - please prepare with the following:\nA. Assignment 1\nB. Assignment 2\nC. Assignment 3\nTopic)//Discussion|item| Facilitator\n3:00pm Informational Items / Recognition / News Joe Smith\nS min\n3:05 pm Action Item'1 Wendy Sue\n5min\n3:10 pm Action Item 2 Wendy Sue\n3:20 pm Discussion Item 1 Ira Jean\n3:25 pm Discussion Item 2 lra Jean\nS\\min\n3:30 pm Next Steps Chelsea Watson\n5 min\n3:40pm Review of New Action Items / Needed Resources Joe Smith\n5 min\n3:50pm Next Meeting Purpose and! Agenda Items Joe Smith\n5 min\n",
  "text_blocks": [
    {
      "text": "Name of Project",
      "confidence": 96,
      "bbox": [
        461,
        109,
        739,
        144
      ],
      "words": [
        {
          "text": "Name",
          "confidence": 96,
          "bbox": [
            461,
            109,
            558,
            137
          ],
          "word_id": 4,
          "line_id": 1,
          "block_id": 1
        },
        {
          "text": "of",
          "confidence": 96,
          "bbox": [
            571,
            109,
            605,
            137
          ],
          "word_id": 5,
          "line_id": 1,
          "block_id": 1
        },
        {
          "text": "Project",
          "confidence": 96,
          "bbox": [
            617,
            109,
            739,
            144
          ],
          "word_id": 6,
          "line_id": 1,
          "block_id": 1
        }
      ],
      "block_id": 0
    },
    {
      "text": "Team Meeting",
      "confidence": 96,
      "bbox": [
        502,
        156,
        695,
        186
      ],
      "words": [
        {
          "text": "Team",
          "confidence": 96,
          "bbox": [
            502,
            156,
            576,
            179
          ],
          "word_id": 8,
          "line_id": 2,
          "block_id": 1
        },
        {
          "text": "Meeting",
          "confidence": 96,
          "bbox": [
            588,
            156,
            695,
            186
          ],
          "word_id": 9,
          "line_id": 2,
          "block_id": 1
        }
      ],
      "block_id": 1
    },
    {
      "text": "Date: 6/24/23 Time: 3:00 PM Location: Room 21",
      "confidence": 95,
      "bbox": [
        307,
        218,
        946,
        234
      ],
      "words": [
        {
          "text": "Date:",
          "confidence": 96,
          "bbox": [
            307,
            218,
            358,
            234
          ],
          "word_id": 11,
          "line_id": 3,
          "block_id": 1
        },
        {
          "text": "6/24/23",
          "confidence": 96,
          "bbox": [
            367,
            217,
            436,
            234
          ],
          "word_id": 12,
          "line_id": 3,
          "block_id": 1
        },
        {
          "text": "Time:",
          "confidence": 96,
          "bbox": [
            528,
            218,
            583,
            234
          ],
          "word_id": 13,
          "line_id": 3,
          "block_id": 1
        },
        {
          "text": "3:00",
          "confidence": 96,
          "bbox": [
            591,
            218,
            631,
            234
          ],
          "word_id": 14,
          "line_id": 3,
          "block_id": 1
        },
        {
          "text": "PM",
          "confidence": 96,
          "bbox": [
            640,
            218,
            669,
            234
          ],
          "word_id": 15,
          "line_id": 3,
          "block_id": 1
        },
        {
          "text": "Location:",
          "confidence": 96,
          "bbox": [
            762,
            218,
            855,
            234
          ],
          "word_id": 16,
          "line_id": 3,
          "block_id": 1
        },
        {
          "text": "Room",
          "confidence": 95,
          "bbox": [
            864,
            218,
            919,
            234
          ],
          "word_id": 17,
          "line_id": 3,
          "block_id": 1
        },
        {
          "text": "21",
          "confidence": 95,
          "bbox": [
            926,
            218,
            946,
            234
          ],
          "word_id": 18,
          "line_id": 3,
          "block_id": 1
        }
      ],
      "block_id": 2
    },
    {
      "text": "Meeting Goals / Purposes / Objectives",
      "confidence": 93,
      "bbox": [
        146,
        296,
        671,
        323
      ],
      "words": [
        {
          "text": "Meeting",
          "confidence": 96,
          "bbox": [
            146,
            296,
            253,
            323
          ],
          "word_id": 20,
          "line_id": 4,
          "block_id": 1
        },
        {
          "text": "Goals",
          "confidence": 93,
          "bbox": [
            263,
            295,
            342,
            317
          ],
          "word_id": 21,
          "line_id": 4,
          "block_id": 1
        },
        {
          "text": "/",
          "confidence": 93,
          "bbox": [
            351,
            295,
            360,
            317
          ],
          "word_id": 22,
          "line_id": 4,
          "block_id": 1
        },
        {
          "text": "Purposes",
          "confidence": 93,
          "bbox": [
            369,
            296,
            499,
            323
          ],
          "word_id": 23,
          "line_id": 4,
          "block_id": 1
        },
        {
          "text": "/",
          "confidence": 93,
          "bbox": [
            508,
            295,
            517,
            318
          ],
          "word_id": 24,
          "line_id": 4,
          "block_id": 1
        },
        {
          "text": "Objectives",
          "confidence": 96,
          "bbox": [
            526,
            295,
            671,
            323
          ],
          "word_id": 25,
          "line_id": 4,
          "block_id": 1
        }
      ],
      "block_id": 3
    },
    {
      "text": "A. Goal 1",
      "confidence": 95,
      "bbox": [
        144,
        328,
        237,
        345
      ],
      "words": [
        {
          "text": "A.",
          "confidence": 95,
          "bbox": [
            144,
            328,
            164,
            345
          ],
          "word_id": 27,
          "line_id": 5,
          "block_id": 1
        },
        {
          "text": "Goal",
          "confidence": 96,
          "bbox": [
            173,
            328,
            221,
            345
          ],
          "word_id": 28,
          "line_id": 5,
          "block_id": 1
        },
        {
          "text": "1",
          "confidence": 96,
          "bbox": [
            230,
            328,
            237,
            345
          ],
          "word_id": 29,
          "line_id": 5,
          "block_id": 1
        }
      ],
      "block_id": 4
    },
    {
      "text": "B. Goal 2",
      "confidence": 91,
      "bbox": [
        145,
        355,
        240,
        373
      ],
      "words": [
        {
          "text": "B.",
          "confidence": 91,
          "bbox": [
            145,
            355,
            164,
            373
          ],
          "word_id": 31,
          "line_id": 6,
          "block_id": 1
        },
        {
          "text": "Goal",
          "confidence": 96,
          "bbox": [
            173,
            355,
            221,
            373
          ],
          "word_id": 32,
          "line_id": 6,
          "block_id": 1
        },
        {
          "text": "2",
          "confidence": 96,
          "bbox": [
            228,
            355,
            240,
            373
          ],
          "word_id": 33,
          "line_id": 6,
          "block_id": 1
        }
      ],
      "block_id": 5
    },
    {
      "text": "C. Goal 3",
      "confidence": 88,
      "bbox": [
        145,
        381,
        242,
        399
      ],
      "words": [
        {
          "text": "C.",
          "confidence": 88,
          "bbox": [
            145,
            381,
            165,
            399
          ],
          "word_id": 35,
          "line_id": 7,
          "block_id": 1
        },
        {
          "text": "Goal",
          "confidence": 96,
          "bbox": [
            175,
            381,
            222,
            399
          ],
          "word_id": 36,
          "line_id": 7,
          "block_id": 1
        },
        {
          "text": "3",
          "confidence": 96,
          "bbox": [
            230,
            382,
            242,
            399
          ],
          "word_id": 37,
          "line_id": 7,
          "block_id": 1
        }
      ],
      "block_id": 6
    },
    {
      "text": "Prework - please prepare with the following:",
      "confidence": 93,
      "bbox": [
        146,
        437,
        753,
        464
      ],
      "words": [
        {
          "text": "Prework",
          "confidence": 93,
          "bbox": [
            146,
            437,
            259,
            458
          ],
          "word_id": 39,
          "line_id": 8,
          "block_id": 1
        },
        {
          "text": "-",
          "confidence": 93,
          "bbox": [
            268,
            448,
            277,
            452
          ],
          "word_id": 40,
          "line_id": 8,
          "block_id": 1
        },
        {
          "text": "please",
          "confidence": 95,
          "bbox": [
            287,
            437,
            375,
            464
          ],
          "word_id": 41,
          "line_id": 8,
          "block_id": 1
        },
        {
          "text": "prepare",
          "confidence": 95,
          "bbox": [
            386,
            442,
            490,
            464
          ],
          "word_id": 42,
          "line_id": 8,
          "block_id": 1
        },
        {
          "text": "with",
          "confidence": 96,
          "bbox": [
            499,
            437,
            556,
            458
          ],
          "word_id": 43,
          "line_id": 8,
          "block_id": 1
        },
        {
          "text": "the",
          "confidence": 96,
          "bbox": [
            566,
            437,
            608,
            458
          ],
          "word_id": 44,
          "line_id": 8,
          "block_id": 1
        },
        {
          "text": "following:",
          "confidence": 95,
          "bbox": [
            617,
            436,
            753,
            464
          ],
          "word_id": 45,
          "line_id": 8,
          "block_id": 1
        }
      ],
      "block_id": 7
    },
    {
      "text": "A. Assignment 1",
      "confidence": 81,
      "bbox": [
        144,
        469,
        310,
        491
      ],
      "words": [
        {
          "text": "A.",
          "confidence": 96,
          "bbox": [
            144,
            469,
            164,
            486
          ],
          "word_id": 47,
          "line_id": 9,
          "block_id": 1
        },
        {
          "text": "Assignment",
          "confidence": 96,
          "bbox": [
            172,
            469,
            295,
            491
          ],
          "word_id": 48,
          "line_id": 9,
          "block_id": 1
        },
        {
          "text": "1",
          "confidence": 81,
          "bbox": [
            303,
            469,
            310,
            486
          ],
          "word_id": 49,
          "line_id": 9,
          "block_id": 1
        }
      ],
      "block_id": 8
    },
    {
      "text": "B. Assignment 2",
      "confidence": 91,
      "bbox": [
        145,
        496,
        313,
        518
      ],
      "words": [
        {
          "text": "B.",
          "confidence": 91,
          "bbox": [
            145,
            496,
            164,
            514
          ],
          "word_id": 51,
          "line_id": 10,
          "block_id": 1
        },
        {
          "text": "Assignment",
          "confidence": 95,
          "bbox": [
            172,
            496,
            295,
            518
          ],
          "word_id": 52,
          "line_id": 10,
          "block_id": 1
        },
        {
          "text": "2",
          "confidence": 96,
          "bbox": [
            301,
            496,
            313,
            514
          ],
          "word_id": 53,
          "line_id": 10,
          "block_id": 1
        }
      ],
      "block_id": 9
    },
    {
      "text": "C. Assignment 3",
      "confidence": 91,
      "bbox": [
        145,
        522,
        314,
        545
      ],
      "words": [
        {
          "text": "C.",
          "confidence": 91,
          "bbox": [
            145,
            522,
            165,
            540
          ],
          "word_id": 55,
          "line_id": 11,
          "block_id": 1
        },
        {
          "text": "Assignment",
          "confidence": 96,
          "bbox": [
            174,
            522,
            296,
            545
          ],
          "word_id": 56,
          "line_id": 11,
          "block_id": 1
        },
        {
          "text": "3",
          "confidence": 96,
          "bbox": [
            303,
            523,
            314,
            540
          ],
          "word_id": 57,
          "line_id": 11,
          "block_id": 1
        }
      ],
      "block_id": 10
    },
    {
      "text": "Topic)//Discussion|item|",
      "confidence": 20,
      "bbox": [
        434,
        612,
        695,
        637
      ],
      "words": [
        {
          "text": "Topic)//Discussion|item|",
          "confidence": 20,
          "bbox": [
            434,
            612,
            695,
            637
          ],
          "word_id": 59,
          "line_id": 12,
          "block_id": 1
        }
      ],
      "block_id": 11
    },
    {
      "text": "Facilitator",
      "confidence": 5,
      "bbox": [
        890,
        612,
        1004,
        632
      ],
      "words": [
        {
          "text": "Facilitator",
          "confidence": 5,
          "bbox": [
            890,
            612,
            1004,
            632
          ],
          "word_id": 60,
          "line_id": 12,
          "block_id": 1
        }
      ],
      "block_id": 12
    },
    {
      "text": "3:00pm Informational Items / Recognition / News",
      "confidence": 0,
      "bbox": [
        175,
        664,
        773,
        686
      ],
      "words": [
        {
          "text": "3:00pm",
          "confidence": 0,
          "bbox": [
            175,
            664,
            257,
            686
          ],
          "word_id": 62,
          "line_id": 13,
          "block_id": 1
        },
        {
          "text": "Informational",
          "confidence": 96,
          "bbox": [
            356,
            663,
            488,
            681
          ],
          "word_id": 63,
          "line_id": 13,
          "block_id": 1
        },
        {
          "text": "Items",
          "confidence": 89,
          "bbox": [
            498,
            663,
            552,
            681
          ],
          "word_id": 64,
          "line_id": 13,
          "block_id": 1
        },
        {
          "text": "/",
          "confidence": 89,
          "bbox": [
            559,
            663,
            566,
            681
          ],
          "word_id": 65,
          "line_id": 13,
          "block_id": 1
        },
        {
          "text": "Recognition",
          "confidence": 93,
          "bbox": [
            574,
            663,
            694,
            686
          ],
          "word_id": 66,
          "line_id": 13,
          "block_id": 1
        },
        {
          "text": "/",
          "confidence": 93,
          "bbox": [
            702,
            663,
            709,
            681
          ],
          "word_id": 67,
          "line_id": 13,
          "block_id": 1
        },
        {
          "text": "News",
          "confidence": 96,
          "bbox": [
            717,
            663,
            773,
            681
          ],
          "word_id": 68,
          "line_id": 13,
          "block_id": 1
        }
      ],
      "block_id": 13
    },
    {
      "text": "Joe Smith",
      "confidence": 96,
      "bbox": [
        896,
        663,
        998,
        681
      ],
      "words": [
        {
          "text": "Joe",
          "confidence": 96,
          "bbox": [
            896,
            663,
            932,
            681
          ],
          "word_id": 69,
          "line_id": 13,
          "block_id": 1
        },
        {
          "text": "Smith",
          "confidence": 96,
          "bbox": [
            940,
            663,
            998,
            681
          ],
          "word_id": 70,
          "line_id": 13,
          "block_id": 1
        }
      ],
      "block_id": 14
    },
    {
      "text": "S min",
      "confidence": 64,
      "bbox": [
        187,
        691,
        245,
        708
      ],
      "words": [
        {
          "text": "S",
          "confidence": 64,
          "bbox": [
            187,
            691,
            198,
            708
          ],
          "word_id": 72,
          "line_id": 14,
          "block_id": 1
        },
        {
          "text": "min",
          "confidence": 95,
          "bbox": [
            206,
            691,
            245,
            708
          ],
          "word_id": 73,
          "line_id": 14,
          "block_id": 1
        }
      ],
      "block_id": 15
    },
    {
      "text": "3:05 pm",
      "confidence": 93,
      "bbox": [
        175,
        739,
        257,
        762
      ],
      "words": [
        {
          "text": "3:05",
          "confidence": 93,
          "bbox": [
            175,
            739,
            219,
            757
          ],
          "word_id": 75,
          "line_id": 15,
          "block_id": 1
        },
        {
          "text": "pm",
          "confidence": 93,
          "bbox": [
            227,
            744,
            257,
            762
          ],
          "word_id": 76,
          "line_id": 15,
          "block_id": 1
        }
      ],
      "block_id": 16
    },
    {
      "text": "Action Item'1",
      "confidence": 0,
      "bbox": [
        496,
        739,
        628,
        757
      ],
      "words": [
        {
          "text": "Action",
          "confidence": 93,
          "bbox": [
            496,
            739,
            559,
            757
          ],
          "word_id": 77,
          "line_id": 15,
          "block_id": 1
        },
        {
          "text": "Item'1",
          "confidence": 0,
          "bbox": [
            569,
            739,
            628,
            757
          ],
          "word_id": 78,
          "line_id": 15,
          "block_id": 1
        }
      ],
      "block_id": 17
    },
    {
      "text": "Wendy Sue",
      "confidence": 95,
      "bbox": [
        887,
        739,
        1007,
        761
      ],
      "words": [
        {
          "text": "Wendy",
          "confidence": 95,
          "bbox": [
            887,
            739,
            959,
            761
          ],
          "word_id": 79,
          "line_id": 15,
          "block_id": 1
        },
        {
          "text": "Sue",
          "confidence": 96,
          "bbox": [
            966,
            739,
            1007,
            757
          ],
          "word_id": 80,
          "line_id": 15,
          "block_id": 1
        }
      ],
      "block_id": 18
    },
    {
      "text": "5min",
      "confidence": 0,
      "bbox": [
        187,
        766,
        245,
        785
      ],
      "words": [
        {
          "text": "5min",
          "confidence": 0,
          "bbox": [
            187,
            766,
            245,
            785
          ],
          "word_id": 82,
          "line_id": 16,
          "block_id": 1
        }
      ],
      "block_id": 19
    },
    {
      "text": "3:10 pm",
      "confidence": 52,
      "bbox": [
        175,
        815,
        257,
        837
      ],
      "words": [
        {
          "text": "3:10",
          "confidence": 52,
          "bbox": [
            175,
            815,
            218,
            833
          ],
          "word_id": 84,
          "line_id": 17,
          "block_id": 1
        },
        {
          "text": "pm",
          "confidence": 96,
          "bbox": [
            227,
            820,
            257,
            837
          ],
          "word_id": 85,
          "line_id": 17,
          "block_id": 1
        }
      ],
      "block_id": 20
    },
    {
      "text": "Action Item 2",
      "confidence": 80,
      "bbox": [
        496,
        815,
        631,
        833
      ],
      "words": [
        {
          "text": "Action",
          "confidence": 96,
          "bbox": [
            496,
            815,
            559,
            833
          ],
          "word_id": 86,
          "line_id": 17,
          "block_id": 1
        },
        {
          "text": "Item",
          "confidence": 80,
          "bbox": [
            569,
            815,
            612,
            833
          ],
          "word_id": 87,
          "line_id": 17,
          "block_id": 1
        },
        {
          "text": "2",
          "confidence": 96,
          "bbox": [
            619,
            815,
            631,
            833
          ],
          "word_id": 88,
          "line_id": 17,
          "block_id": 1
        }
      ],
      "block_id": 21
    },
    {
      "text": "Wendy Sue",
      "confidence": 96,
      "bbox": [
        887,
        815,
        1006,
        837
      ],
      "words": [
        {
          "text": "Wendy",
          "confidence": 96,
          "bbox": [
            887,
            815,
            959,
            837
          ],
          "word_id": 89,
          "line_id": 17,
          "block_id": 1
        },
        {
          "text": "Sue",
          "confidence": 96,
          "bbox": [
            966,
            815,
            1006,
            833
          ],
          "word_id": 90,
          "line_id": 17,
          "block_id": 1
        }
      ],
      "block_id": 22
    },
    {
      "text": "3:20 pm",
      "confidence": 94,
      "bbox": [
        175,
        890,
        259,
        912
      ],
      "words": [
        {
          "text": "3:20",
          "confidence": 95,
          "bbox": [
            175,
            890,
            218,
            907
          ],
          "word_id": 92,
          "line_id": 18,
          "block_id": 1
        },
        {
          "text": "pm",
          "confidence": 94,
          "bbox": [
            227,
            892,
            259,
            912
          ],
          "word_id": 93,
          "line_id": 18,
          "block_id": 1
        }
      ],
      "block_id": 23
    },
    {
      "text": "Discussion Item 1",
      "confidence": 48,
      "bbox": [
        473,
        890,
        652,
        907
      ],
      "words": [
        {
          "text": "Discussion",
          "confidence": 88,
          "bbox": [
            473,
            890,
            584,
            907
          ],
          "word_id": 94,
          "line_id": 18,
          "block_id": 1
        },
        {
          "text": "Item",
          "confidence": 48,
          "bbox": [
            593,
            890,
            636,
            907
          ],
          "word_id": 95,
          "line_id": 18,
          "block_id": 1
        },
        {
          "text": "1",
          "confidence": 92,
          "bbox": [
            645,
            890,
            652,
            907
          ],
          "word_id": 96,
          "line_id": 18,
          "block_id": 1
        }
      ],
      "block_id": 24
    },
    {
      "text": "Ira Jean",
      "confidence": 59,
      "bbox": [
        907,
        890,
        988,
        907
      ],
      "words": [
        {
          "text": "Ira",
          "confidence": 59,
          "bbox": [
            907,
            890,
            931,
            907
          ],
          "word_id": 97,
          "line_id": 18,
          "block_id": 1
        },
        {
          "text": "Jean",
          "confidence": 95,
          "bbox": [
            939,
            890,
            988,
            907
          ],
          "word_id": 98,
          "line_id": 18,
          "block_id": 1
        }
      ],
      "block_id": 25
    },
    {
      "text": "3:25 pm",
      "confidence": 90,
      "bbox": [
        175,
        966,
        259,
        988
      ],
      "words": [
        {
          "text": "3:25",
          "confidence": 95,
          "bbox": [
            175,
            966,
            219,
            983
          ],
          "word_id": 100,
          "line_id": 19,
          "block_id": 1
        },
        {
          "text": "pm",
          "confidence": 90,
          "bbox": [
            227,
            968,
            259,
            988
          ],
          "word_id": 101,
          "line_id": 19,
          "block_id": 1
        }
      ],
      "block_id": 26
    },
    {
      "text": "Discussion Item 2",
      "confidence": 82,
      "bbox": [
        473,
        966,
        655,
        983
      ],
      "words": [
        {
          "text": "Discussion",
          "confidence": 96,
          "bbox": [
            473,
            966,
            584,
            983
          ],
          "word_id": 102,
          "line_id": 19,
          "block_id": 1
        },
        {
          "text": "Item",
          "confidence": 82,
          "bbox": [
            593,
            966,
            636,
            983
          ],
          "word_id": 103,
          "line_id": 19,
          "block_id": 1
        },
        {
          "text": "2",
          "confidence": 96,
          "bbox": [
            643,
            966,
            655,
            983
          ],
          "word_id": 104,
          "line_id": 19,
          "block_id": 1
        }
      ],
      "block_id": 27
    },
    {
      "text": "lra Jean",
      "confidence": 77,
      "bbox": [
        907,
        966,
        988,
        983
      ],
      "words": [
        {
          "text": "lra",
          "confidence": 77,
          "bbox": [
            907,
            966,
            931,
            983
          ],
          "word_id": 105,
          "line_id": 19,
          "block_id": 1
        },
        {
          "text": "Jean",
          "confidence": 96,
          "bbox": [
            939,
            966,
            988,
            983
          ],
          "word_id": 106,
          "line_id": 19,
          "block_id": 1
        }
      ],
      "block_id": 28
    },
    {
      "text": "S\\min",
      "confidence": 24,
      "bbox": [
        187,
        993,
        245,
        1011
      ],
      "words": [
        {
          "text": "S\\min",
          "confidence": 24,
          "bbox": [
            187,
            993,
            245,
            1011
          ],
          "word_id": 108,
          "line_id": 20,
          "block_id": 1
        }
      ],
      "block_id": 29
    },
    {
      "text": "3:30 pm",
      "confidence": 89,
      "bbox": [
        175,
        1042,
        259,
        1066
      ],
      "words": [
        {
          "text": "3:30",
          "confidence": 89,
          "bbox": [
            175,
            1042,
            218,
            1059
          ],
          "word_id": 110,
          "line_id": 21,
          "block_id": 1
        },
        {
          "text": "pm",
          "confidence": 89,
          "bbox": [
            227,
            1046,
            259,
            1066
          ],
          "word_id": 111,
          "line_id": 21,
          "block_id": 1
        }
      ],
      "block_id": 30
    },
    {
      "text": "Next Steps",
      "confidence": 95,
      "bbox": [
        508,
        1042,
        620,
        1064
      ],
      "words": [
        {
          "text": "Next",
          "confidence": 96,
          "bbox": [
            508,
            1042,
            555,
            1059
          ],
          "word_id": 112,
          "line_id": 21,
          "block_id": 1
        },
        {
          "text": "Steps",
          "confidence": 95,
          "bbox": [
            562,
            1042,
            620,
            1064
          ],
          "word_id": 113,
          "line_id": 21,
          "block_id": 1
        }
      ],
      "block_id": 31
    },
    {
      "text": "Chelsea Watson",
      "confidence": 96,
      "bbox": [
        863,
        1042,
        1031,
        1059
      ],
      "words": [
        {
          "text": "Chelsea",
          "confidence": 96,
          "bbox": [
            863,
            1042,
            947,
            1059
          ],
          "word_id": 114,
          "line_id": 21,
          "block_id": 1
        },
        {
          "text": "Watson",
          "confidence": 96,
          "bbox": [
            954,
            1042,
            1031,
            1059
          ],
          "word_id": 115,
          "line_id": 21,
          "block_id": 1
        }
      ],
      "block_id": 32
    },
    {
      "text": "5 min",
      "confidence": 41,
      "bbox": [
        187,
        1068,
        245,
        1085
      ],
      "words": [
        {
          "text": "5",
          "confidence": 41,
          "bbox": [
            187,
            1068,
            198,
            1085
          ],
          "word_id": 117,
          "line_id": 22,
          "block_id": 1
        },
        {
          "text": "min",
          "confidence": 41,
          "bbox": [
            206,
            1068,
            245,
            1085
          ],
          "word_id": 118,
          "line_id": 22,
          "block_id": 1
        }
      ],
      "block_id": 33
    },
    {
      "text": "3:40pm Review of New Action Items / Needed Resources Joe Smith",
      "confidence": 0,
      "bbox": [
        175,
        1116,
        998,
        1139
      ],
      "words": [
        {
          "text": "3:40pm",
          "confidence": 0,
          "bbox": [
            175,
            1116,
            257,
            1139
          ],
          "word_id": 120,
          "line_id": 23,
          "block_id": 1
        },
        {
          "text": "Review",
          "confidence": 96,
          "bbox": [
            311,
            1117,
            386,
            1134
          ],
          "word_id": 121,
          "line_id": 23,
          "block_id": 1
        },
        {
          "text": "of",
          "confidence": 96,
          "bbox": [
            393,
            1116,
            413,
            1134
          ],
          "word_id": 122,
          "line_id": 23,
          "block_id": 1
        },
        {
          "text": "New",
          "confidence": 96,
          "bbox": [
            420,
            1117,
            465,
            1134
          ],
          "word_id": 123,
          "line_id": 23,
          "block_id": 1
        },
        {
          "text": "Action",
          "confidence": 96,
          "bbox": [
            471,
            1116,
            535,
            1134
          ],
          "word_id": 124,
          "line_id": 23,
          "block_id": 1
        },
        {
          "text": "Items",
          "confidence": 92,
          "bbox": [
            544,
            1117,
            599,
            1134
          ],
          "word_id": 125,
          "line_id": 23,
          "block_id": 1
        },
        {
          "text": "/",
          "confidence": 93,
          "bbox": [
            606,
            1116,
            613,
            1134
          ],
          "word_id": 126,
          "line_id": 23,
          "block_id": 1
        },
        {
          "text": "Needed",
          "confidence": 95,
          "bbox": [
            621,
            1116,
            700,
            1134
          ],
          "word_id": 127,
          "line_id": 23,
          "block_id": 1
        },
        {
          "text": "Resources",
          "confidence": 96,
          "bbox": [
            709,
            1117,
            818,
            1134
          ],
          "word_id": 128,
          "line_id": 23,
          "block_id": 1
        },
        {
          "text": "Joe",
          "confidence": 95,
          "bbox": [
            895,
            1117,
            932,
            1134
          ],
          "word_id": 129,
          "line_id": 23,
          "block_id": 1
        },
        {
          "text": "Smith",
          "confidence": 95,
          "bbox": [
            940,
            1116,
            998,
            1134
          ],
          "word_id": 130,
          "line_id": 23,
          "block_id": 1
        }
      ],
      "block_id": 34
    },
    {
      "text": "5 min",
      "confidence": 56,
      "bbox": [
        187,
        1144,
        245,
        1161
      ],
      "words": [
        {
          "text": "5",
          "confidence": 56,
          "bbox": [
            187,
            1144,
            198,
            1161
          ],
          "word_id": 132,
          "line_id": 24,
          "block_id": 1
        },
        {
          "text": "min",
          "confidence": 56,
          "bbox": [
            206,
            1144,
            245,
            1161
          ],
          "word_id": 133,
          "line_id": 24,
          "block_id": 1
        }
      ],
      "block_id": 35
    },
    {
      "text": "3:50pm Next Meeting Purpose and! Agenda Items",
      "confidence": 0,
      "bbox": [
        175,
        1193,
        777,
        1215
      ],
      "words": [
        {
          "text": "3:50pm",
          "confidence": 0,
          "bbox": [
            175,
            1193,
            257,
            1215
          ],
          "word_id": 135,
          "line_id": 25,
          "block_id": 1
        },
        {
          "text": "Next",
          "confidence": 20,
          "bbox": [
            352,
            1192,
            399,
            1210
          ],
          "word_id": 136,
          "line_id": 25,
          "block_id": 1
        },
        {
          "text": "Meeting",
          "confidence": 20,
          "bbox": [
            406,
            1192,
            487,
            1215
          ],
          "word_id": 137,
          "line_id": 25,
          "block_id": 1
        },
        {
          "text": "Purpose",
          "confidence": 96,
          "bbox": [
            496,
            1192,
            581,
            1214
          ],
          "word_id": 138,
          "line_id": 25,
          "block_id": 1
        },
        {
          "text": "and!",
          "confidence": 36,
          "bbox": [
            589,
            1192,
            625,
            1210
          ],
          "word_id": 139,
          "line_id": 25,
          "block_id": 1
        },
        {
          "text": "Agenda",
          "confidence": 91,
          "bbox": [
            633,
            1192,
            713,
            1215
          ],
          "word_id": 140,
          "line_id": 25,
          "block_id": 1
        },
        {
          "text": "Items",
          "confidence": 92,
          "bbox": [
            722,
            1192,
            777,
            1210
          ],
          "word_id": 141,
          "line_id": 25,
          "block_id": 1
        }
      ],
      "block_id": 36
    },
    {
      "text": "Joe Smith",
      "confidence": 96,
      "bbox": [
        895,
        1192,
        998,
        1210
      ],
      "words": [
        {
          "text": "Joe",
          "confidence": 96,
          "bbox": [
            895,
            1192,
            932,
            1210
          ],
          "word_id": 142,
          "line_id": 25,
          "block_id": 1
        },
        {
          "text": "Smith",
          "confidence": 96,
          "bbox": [
            940,
            1192,
            998,
            1210
          ],
          "word_id": 143,
          "line_id": 25,
          "block_id": 1
        }
      ],
      "block_id": 37
    },
    {
      "text": "5 min",
      "confidence": 48,
      "bbox": [
        187,
        1220,
        245,
        1237
      ],
      "words": [
        {
          "text": "5",
          "confidence": 48,
          "bbox": [
            187,
            1220,
            198,
            1237
          ],
          "word_id": 145,
          "line_id": 26,
          "block_id": 1
        },
        {
          "text": "min",
          "confidence": 48,
          "bbox": [
            206,
            1220,
            245,
            1237
          ],
          "word_id": 146,
          "line_id": 26,
          "block_id": 1
        }
      ],
      "block_id": 38
    }
  ],
  "ocr_config": {
    "psm": 6,
    "oem": 3,
    "lang": "eng"
  },
  "image_size": [
    1200,
    1546
  ],
  "summary": {
    "total_text_blocks": 39,
    "total_characters": 653,
    "average_confidence": 66.82051282051282,
    "confidence_distribution": {
      "high_confidence": 22,
      "medium_confidence": 3,
      "low_confidence": 14
    }
  }
}