{
  "stage": 2,
  "stage_name": "ocr_extraction",
  "processing_timestamp": "2025-09-24T17:32:14.602179",
  "full_text": "Conirolled lots\nThe following is a summary of our lots under control at December 31, 2013 and 2012:\nDecember 31, 2013 December 31, 2012\n\nOwned Optioned Controlled Owned Optioned Controlled\nNortheast 7,423 2,762 10,185 9,211 2,655 11,866\nSoutheast 12,702 4,296 16,998 13,372 2,756 16,128\nFlorida 21,805 6,956 28,761 23,906 3,689 27,595\nTexas 12,038 3,860 15,898 12,218 3,685 15,903\nNorth 11,785 7,952 19,737 12,946 2,603 15,549\nSouthwest 29,459 2,440 31,899 31,407 1,427 32,834\nTotal 95,212 28,266 123,478 103,060 16,815 119,875\nDeveloped (%) 24% 18% 23% 27% 34% 28%\n\nOf our controlled lots, 95,212 and 103,060 were owned and 28,266 and 16,815 were under land option agreements at\nDecember 31, 2013 and 2012, respectively. While competition for well-positioned land has increased, we\ncontinue to pursue strategic land positions that meet our underwriting requirements while also using our existing land assets\nmore effectively.\n\nThe remaining purchase price under our land option agreements totaled $1.4 billion at December 31, 2013. These land\noption agreements, which generally may be canceled at our discretion and in certain cases extend over several years, are\nsecured by deposits and pre-acquisition costs totaling $91.0 million, of which only $4.5 million is refundable.\n\n26\n",
  "text_blocks": [
    {
      "text": "Conirolled lots",
      "confidence": 89,
      "bbox": [
        86,
        95,
        210,
        110
      ],
      "words": [
        {
          "text": "Conirolled",
          "confidence": 89,
          "bbox": [
            86,
            95,
            176,
            110
          ],
          "word_id": 4,
          "line_id": 1,
          "block_id": 1
        },
        {
          "text": "lots",
          "confidence": 90,
          "bbox": [
            181,
            95,
            210,
            110
          ],
          "word_id": 5,
          "line_id": 1,
          "block_id": 1
        }
      ],
      "block_id": 0
    },
    {
      "text": "The following is a summary of our lots under control at December 31, 2013 and 2012:",
      "confidence": 95,
      "bbox": [
        142,
        145,
        860,
        165
      ],
      "words": [
        {
          "text": "The",
          "confidence": 96,
          "bbox": [
            142,
            145,
            173,
            160
          ],
          "word_id": 7,
          "line_id": 2,
          "block_id": 1
        },
        {
          "text": "following",
          "confidence": 96,
          "bbox": [
            179,
            145,
            260,
            164
          ],
          "word_id": 8,
          "line_id": 2,
          "block_id": 1
        },
        {
          "text": "is",
          "confidence": 96,
          "bbox": [
            265,
            145,
            279,
            160
          ],
          "word_id": 9,
          "line_id": 2,
          "block_id": 1
        },
        {
          "text": "a",
          "confidence": 96,
          "bbox": [
            285,
            150,
            294,
            160
          ],
          "word_id": 10,
          "line_id": 2,
          "block_id": 1
        },
        {
          "text": "summary",
          "confidence": 96,
          "bbox": [
            300,
            150,
            377,
            165
          ],
          "word_id": 11,
          "line_id": 2,
          "block_id": 1
        },
        {
          "text": "of",
          "confidence": 96,
          "bbox": [
            382,
            145,
            401,
            160
          ],
          "word_id": 12,
          "line_id": 2,
          "block_id": 1
        },
        {
          "text": "our",
          "confidence": 96,
          "bbox": [
            405,
            150,
            432,
            160
          ],
          "word_id": 13,
          "line_id": 2,
          "block_id": 1
        },
        {
          "text": "lots",
          "confidence": 96,
          "bbox": [
            437,
            145,
            467,
            160
          ],
          "word_id": 14,
          "line_id": 2,
          "block_id": 1
        },
        {
          "text": "under",
          "confidence": 96,
          "bbox": [
            472,
            145,
            520,
            160
          ],
          "word_id": 15,
          "line_id": 2,
          "block_id": 1
        },
        {
          "text": "control",
          "confidence": 95,
          "bbox": [
            526,
            145,
            584,
            160
          ],
          "word_id": 16,
          "line_id": 2,
          "block_id": 1
        },
        {
          "text": "at",
          "confidence": 96,
          "bbox": [
            590,
            147,
            605,
            160
          ],
          "word_id": 17,
          "line_id": 2,
          "block_id": 1
        },
        {
          "text": "December",
          "confidence": 96,
          "bbox": [
            609,
            145,
            695,
            160
          ],
          "word_id": 18,
          "line_id": 2,
          "block_id": 1
        },
        {
          "text": "31,",
          "confidence": 96,
          "bbox": [
            701,
            146,
            725,
            164
          ],
          "word_id": 19,
          "line_id": 2,
          "block_id": 1
        },
        {
          "text": "2013",
          "confidence": 96,
          "bbox": [
            732,
            146,
            772,
            160
          ],
          "word_id": 20,
          "line_id": 2,
          "block_id": 1
        },
        {
          "text": "and",
          "confidence": 96,
          "bbox": [
            779,
            145,
            809,
            160
          ],
          "word_id": 21,
          "line_id": 2,
          "block_id": 1
        },
        {
          "text": "2012:",
          "confidence": 96,
          "bbox": [
            814,
            146,
            860,
            160
          ],
          "word_id": 22,
          "line_id": 2,
          "block_id": 1
        }
      ],
      "block_id": 1
    },
    {
      "text": "December 31, 2013",
      "confidence": 96,
      "bbox": [
        424,
        190,
        591,
        208
      ],
      "words": [
        {
          "text": "December",
          "confidence": 96,
          "bbox": [
            424,
            190,
            514,
            204
          ],
          "word_id": 24,
          "line_id": 3,
          "block_id": 1
        },
        {
          "text": "31,",
          "confidence": 96,
          "bbox": [
            520,
            189,
            545,
            208
          ],
          "word_id": 25,
          "line_id": 3,
          "block_id": 1
        },
        {
          "text": "2013",
          "confidence": 96,
          "bbox": [
            551,
            190,
            591,
            204
          ],
          "word_id": 26,
          "line_id": 3,
          "block_id": 1
        }
      ],
      "block_id": 2
    },
    {
      "text": "December 31, 2012",
      "confidence": 95,
      "bbox": [
        849,
        190,
        1017,
        208
      ],
      "words": [
        {
          "text": "December",
          "confidence": 96,
          "bbox": [
            849,
            190,
            939,
            204
          ],
          "word_id": 27,
          "line_id": 3,
          "block_id": 1
        },
        {
          "text": "31,",
          "confidence": 95,
          "bbox": [
            945,
            189,
            970,
            208
          ],
          "word_id": 28,
          "line_id": 3,
          "block_id": 1
        },
        {
          "text": "2012",
          "confidence": 95,
          "bbox": [
            976,
            190,
            1017,
            204
          ],
          "word_id": 29,
          "line_id": 3,
          "block_id": 1
        }
      ],
      "block_id": 3
    },
    {
      "text": "Owned Optioned Controlled Owned Optioned Controlled Northeast 7,423 2,762 10,185 9,211 2,655 11,866 Southeast 12,702 4,296 16,998 13,372 2,756 16,128 Florida 21,805 6,956 28,761 23,906 3,689 27,595 Texas 12,038 3,860 15,898 12,218 3,685 15,903 North 11,785 7,952 19,737 12,946 2,603 15,549 Southwest 29,459 2,440 31,899 31,407 1,427 32,834 Total 95,212 28,266 123,478 103,060 16,815 119,875",
      "confidence": 83,
      "bbox": [
        339,
        217,
        1118,
        462
      ],
      "words": [
        {
          "text": "Owned",
          "confidence": 96,
          "bbox": [
            339,
            217,
            402,
            245
          ],
          "word_id": 32,
          "line_id": 1,
          "block_id": 1
        },
        {
          "text": "Optioned",
          "confidence": 92,
          "bbox": [
            467,
            217,
            549,
            245
          ],
          "word_id": 33,
          "line_id": 1,
          "block_id": 1
        },
        {
          "text": "Controlled",
          "confidence": 96,
          "bbox": [
            598,
            217,
            693,
            245
          ],
          "word_id": 34,
          "line_id": 1,
          "block_id": 1
        },
        {
          "text": "Owned",
          "confidence": 96,
          "bbox": [
            764,
            217,
            827,
            245
          ],
          "word_id": 35,
          "line_id": 1,
          "block_id": 1
        },
        {
          "text": "Optioned",
          "confidence": 92,
          "bbox": [
            892,
            217,
            974,
            245
          ],
          "word_id": 36,
          "line_id": 1,
          "block_id": 1
        },
        {
          "text": "Controlled",
          "confidence": 96,
          "bbox": [
            1023,
            221,
            1118,
            235
          ],
          "word_id": 37,
          "line_id": 1,
          "block_id": 1
        },
        {
          "text": "Northeast",
          "confidence": 95,
          "bbox": [
            105,
            241,
            187,
            275
          ],
          "word_id": 39,
          "line_id": 2,
          "block_id": 1
        },
        {
          "text": "7,423",
          "confidence": 94,
          "bbox": [
            370,
            251,
            414,
            270
          ],
          "word_id": 40,
          "line_id": 2,
          "block_id": 1
        },
        {
          "text": "2,762",
          "confidence": 93,
          "bbox": [
            507,
            251,
            553,
            270
          ],
          "word_id": 41,
          "line_id": 2,
          "block_id": 1
        },
        {
          "text": "10,185",
          "confidence": 93,
          "bbox": [
            636,
            252,
            690,
            270
          ],
          "word_id": 42,
          "line_id": 2,
          "block_id": 1
        },
        {
          "text": "9,211",
          "confidence": 94,
          "bbox": [
            795,
            252,
            839,
            270
          ],
          "word_id": 43,
          "line_id": 2,
          "block_id": 1
        },
        {
          "text": "2,655",
          "confidence": 95,
          "bbox": [
            932,
            251,
            977,
            270
          ],
          "word_id": 44,
          "line_id": 2,
          "block_id": 1
        },
        {
          "text": "11,866",
          "confidence": 95,
          "bbox": [
            1061,
            251,
            1115,
            270
          ],
          "word_id": 45,
          "line_id": 2,
          "block_id": 1
        },
        {
          "text": "Southeast",
          "confidence": 96,
          "bbox": [
            107,
            272,
            187,
            306
          ],
          "word_id": 47,
          "line_id": 3,
          "block_id": 1
        },
        {
          "text": "12,702",
          "confidence": 96,
          "bbox": [
            361,
            283,
            415,
            301
          ],
          "word_id": 48,
          "line_id": 3,
          "block_id": 1
        },
        {
          "text": "4,296",
          "confidence": 93,
          "bbox": [
            507,
            282,
            553,
            301
          ],
          "word_id": 49,
          "line_id": 3,
          "block_id": 1
        },
        {
          "text": "16,998",
          "confidence": 89,
          "bbox": [
            636,
            282,
            690,
            301
          ],
          "word_id": 50,
          "line_id": 3,
          "block_id": 1
        },
        {
          "text": "13,372",
          "confidence": 92,
          "bbox": [
            786,
            283,
            840,
            301
          ],
          "word_id": 51,
          "line_id": 3,
          "block_id": 1
        },
        {
          "text": "2,756",
          "confidence": 91,
          "bbox": [
            932,
            282,
            978,
            301
          ],
          "word_id": 52,
          "line_id": 3,
          "block_id": 1
        },
        {
          "text": "16,128",
          "confidence": 95,
          "bbox": [
            1061,
            282,
            1115,
            301
          ],
          "word_id": 53,
          "line_id": 3,
          "block_id": 1
        },
        {
          "text": "Florida",
          "confidence": 96,
          "bbox": [
            106,
            304,
            167,
            337
          ],
          "word_id": 55,
          "line_id": 4,
          "block_id": 1
        },
        {
          "text": "21,805",
          "confidence": 95,
          "bbox": [
            359,
            304,
            415,
            338
          ],
          "word_id": 56,
          "line_id": 4,
          "block_id": 1
        },
        {
          "text": "6,956",
          "confidence": 91,
          "bbox": [
            507,
            314,
            553,
            333
          ],
          "word_id": 57,
          "line_id": 4,
          "block_id": 1
        },
        {
          "text": "28,761",
          "confidence": 95,
          "bbox": [
            634,
            314,
            689,
            333
          ],
          "word_id": 58,
          "line_id": 4,
          "block_id": 1
        },
        {
          "text": "23,906",
          "confidence": 95,
          "bbox": [
            784,
            314,
            840,
            333
          ],
          "word_id": 59,
          "line_id": 4,
          "block_id": 1
        },
        {
          "text": "3,689",
          "confidence": 88,
          "bbox": [
            932,
            314,
            978,
            333
          ],
          "word_id": 60,
          "line_id": 4,
          "block_id": 1
        },
        {
          "text": "27,595",
          "confidence": 94,
          "bbox": [
            1059,
            315,
            1115,
            333
          ],
          "word_id": 61,
          "line_id": 4,
          "block_id": 1
        },
        {
          "text": "Texas",
          "confidence": 95,
          "bbox": [
            106,
            335,
            155,
            368
          ],
          "word_id": 63,
          "line_id": 5,
          "block_id": 1
        },
        {
          "text": "12,038",
          "confidence": 93,
          "bbox": [
            361,
            346,
            415,
            364
          ],
          "word_id": 64,
          "line_id": 5,
          "block_id": 1
        },
        {
          "text": "3,860",
          "confidence": 95,
          "bbox": [
            507,
            345,
            553,
            364
          ],
          "word_id": 65,
          "line_id": 5,
          "block_id": 1
        },
        {
          "text": "15,898",
          "confidence": 93,
          "bbox": [
            636,
            346,
            690,
            364
          ],
          "word_id": 66,
          "line_id": 5,
          "block_id": 1
        },
        {
          "text": "12,218",
          "confidence": 96,
          "bbox": [
            786,
            346,
            840,
            364
          ],
          "word_id": 67,
          "line_id": 5,
          "block_id": 1
        },
        {
          "text": "3,685",
          "confidence": 96,
          "bbox": [
            932,
            345,
            977,
            364
          ],
          "word_id": 68,
          "line_id": 5,
          "block_id": 1
        },
        {
          "text": "15,903",
          "confidence": 96,
          "bbox": [
            1061,
            346,
            1114,
            364
          ],
          "word_id": 69,
          "line_id": 5,
          "block_id": 1
        },
        {
          "text": "North",
          "confidence": 96,
          "bbox": [
            105,
            366,
            158,
            400
          ],
          "word_id": 71,
          "line_id": 6,
          "block_id": 1
        },
        {
          "text": "11,785",
          "confidence": 94,
          "bbox": [
            361,
            377,
            415,
            395
          ],
          "word_id": 72,
          "line_id": 6,
          "block_id": 1
        },
        {
          "text": "7,952",
          "confidence": 95,
          "bbox": [
            507,
            377,
            553,
            395
          ],
          "word_id": 73,
          "line_id": 6,
          "block_id": 1
        },
        {
          "text": "19,737",
          "confidence": 94,
          "bbox": [
            636,
            377,
            690,
            395
          ],
          "word_id": 74,
          "line_id": 6,
          "block_id": 1
        },
        {
          "text": "12,946",
          "confidence": 96,
          "bbox": [
            786,
            376,
            840,
            395
          ],
          "word_id": 75,
          "line_id": 6,
          "block_id": 1
        },
        {
          "text": "2,603",
          "confidence": 96,
          "bbox": [
            932,
            376,
            977,
            395
          ],
          "word_id": 76,
          "line_id": 6,
          "block_id": 1
        },
        {
          "text": "15,549",
          "confidence": 94,
          "bbox": [
            1061,
            376,
            1115,
            395
          ],
          "word_id": 77,
          "line_id": 6,
          "block_id": 1
        },
        {
          "text": "Southwest",
          "confidence": 96,
          "bbox": [
            107,
            397,
            193,
            431
          ],
          "word_id": 79,
          "line_id": 7,
          "block_id": 1
        },
        {
          "text": "29,459",
          "confidence": 94,
          "bbox": [
            359,
            407,
            415,
            426
          ],
          "word_id": 80,
          "line_id": 7,
          "block_id": 1
        },
        {
          "text": "2,440",
          "confidence": 93,
          "bbox": [
            507,
            407,
            553,
            426
          ],
          "word_id": 81,
          "line_id": 7,
          "block_id": 1
        },
        {
          "text": "31,899",
          "confidence": 96,
          "bbox": [
            634,
            408,
            690,
            426
          ],
          "word_id": 82,
          "line_id": 7,
          "block_id": 1
        },
        {
          "text": "31,407",
          "confidence": 95,
          "bbox": [
            784,
            407,
            840,
            426
          ],
          "word_id": 83,
          "line_id": 7,
          "block_id": 1
        },
        {
          "text": "1,427",
          "confidence": 90,
          "bbox": [
            934,
            407,
            978,
            426
          ],
          "word_id": 84,
          "line_id": 7,
          "block_id": 1
        },
        {
          "text": "32,834",
          "confidence": 93,
          "bbox": [
            1059,
            407,
            1116,
            426
          ],
          "word_id": 85,
          "line_id": 7,
          "block_id": 1
        },
        {
          "text": "Total",
          "confidence": 95,
          "bbox": [
            106,
            429,
            150,
            462
          ],
          "word_id": 87,
          "line_id": 8,
          "block_id": 1
        },
        {
          "text": "95,212",
          "confidence": 93,
          "bbox": [
            359,
            440,
            415,
            458
          ],
          "word_id": 88,
          "line_id": 8,
          "block_id": 1
        },
        {
          "text": "28,266",
          "confidence": 83,
          "bbox": [
            496,
            439,
            553,
            458
          ],
          "word_id": 89,
          "line_id": 8,
          "block_id": 1
        },
        {
          "text": "123,478",
          "confidence": 96,
          "bbox": [
            625,
            439,
            690,
            458
          ],
          "word_id": 90,
          "line_id": 8,
          "block_id": 1
        },
        {
          "text": "103,060",
          "confidence": 96,
          "bbox": [
            775,
            439,
            840,
            458
          ],
          "word_id": 91,
          "line_id": 8,
          "block_id": 1
        },
        {
          "text": "16,815",
          "confidence": 94,
          "bbox": [
            923,
            439,
            977,
            458
          ],
          "word_id": 92,
          "line_id": 8,
          "block_id": 1
        },
        {
          "text": "119,875",
          "confidence": 96,
          "bbox": [
            1050,
            440,
            1115,
            458
          ],
          "word_id": 93,
          "line_id": 8,
          "block_id": 1
        }
      ],
      "block_id": 4
    },
    {
      "text": "Developed (%)",
      "confidence": 91,
      "bbox": [
        106,
        501,
        232,
        521
      ],
      "words": [
        {
          "text": "Developed",
          "confidence": 93,
          "bbox": [
            106,
            501,
            197,
            521
          ],
          "word_id": 95,
          "line_id": 9,
          "block_id": 1
        },
        {
          "text": "(%)",
          "confidence": 91,
          "bbox": [
            202,
            501,
            232,
            521
          ],
          "word_id": 96,
          "line_id": 9,
          "block_id": 1
        }
      ],
      "block_id": 5
    },
    {
      "text": "24%",
      "confidence": 96,
      "bbox": [
        395,
        501,
        432,
        517
      ],
      "words": [
        {
          "text": "24%",
          "confidence": 96,
          "bbox": [
            395,
            501,
            432,
            517
          ],
          "word_id": 97,
          "line_id": 9,
          "block_id": 1
        }
      ],
      "block_id": 6
    },
    {
      "text": "18%",
      "confidence": 96,
      "bbox": [
        535,
        501,
        570,
        517
      ],
      "words": [
        {
          "text": "18%",
          "confidence": 96,
          "bbox": [
            535,
            501,
            570,
            517
          ],
          "word_id": 98,
          "line_id": 9,
          "block_id": 1
        }
      ],
      "block_id": 7
    },
    {
      "text": "23%",
      "confidence": 95,
      "bbox": [
        670,
        501,
        707,
        517
      ],
      "words": [
        {
          "text": "23%",
          "confidence": 95,
          "bbox": [
            670,
            501,
            707,
            517
          ],
          "word_id": 99,
          "line_id": 9,
          "block_id": 1
        }
      ],
      "block_id": 8
    },
    {
      "text": "27%",
      "confidence": 93,
      "bbox": [
        820,
        501,
        857,
        517
      ],
      "words": [
        {
          "text": "27%",
          "confidence": 93,
          "bbox": [
            820,
            501,
            857,
            517
          ],
          "word_id": 100,
          "line_id": 9,
          "block_id": 1
        }
      ],
      "block_id": 9
    },
    {
      "text": "34%",
      "confidence": 96,
      "bbox": [
        958,
        501,
        995,
        517
      ],
      "words": [
        {
          "text": "34%",
          "confidence": 96,
          "bbox": [
            958,
            501,
            995,
            517
          ],
          "word_id": 101,
          "line_id": 9,
          "block_id": 1
        }
      ],
      "block_id": 10
    },
    {
      "text": "28%",
      "confidence": 94,
      "bbox": [
        1095,
        501,
        1132,
        517
      ],
      "words": [
        {
          "text": "28%",
          "confidence": 94,
          "bbox": [
            1095,
            501,
            1132,
            517
          ],
          "word_id": 102,
          "line_id": 9,
          "block_id": 1
        }
      ],
      "block_id": 11
    },
    {
      "text": "Of our controlled lots, 95,212 and 103,060 were owned and 28,266 and 16,815 were under land option agreements at",
      "confidence": 93,
      "bbox": [
        142,
        560,
        1118,
        580
      ],
      "words": [
        {
          "text": "Of",
          "confidence": 96,
          "bbox": [
            142,
            560,
            166,
            575
          ],
          "word_id": 105,
          "line_id": 1,
          "block_id": 1
        },
        {
          "text": "our",
          "confidence": 96,
          "bbox": [
            169,
            565,
            197,
            575
          ],
          "word_id": 106,
          "line_id": 1,
          "block_id": 1
        },
        {
          "text": "controlled",
          "confidence": 93,
          "bbox": [
            202,
            560,
            286,
            575
          ],
          "word_id": 107,
          "line_id": 1,
          "block_id": 1
        },
        {
          "text": "lots,",
          "confidence": 95,
          "bbox": [
            292,
            560,
            326,
            579
          ],
          "word_id": 108,
          "line_id": 1,
          "block_id": 1
        },
        {
          "text": "95,212",
          "confidence": 96,
          "bbox": [
            333,
            561,
            388,
            579
          ],
          "word_id": 109,
          "line_id": 1,
          "block_id": 1
        },
        {
          "text": "and",
          "confidence": 95,
          "bbox": [
            395,
            560,
            425,
            575
          ],
          "word_id": 110,
          "line_id": 1,
          "block_id": 1
        },
        {
          "text": "103,060",
          "confidence": 96,
          "bbox": [
            432,
            560,
            497,
            579
          ],
          "word_id": 111,
          "line_id": 1,
          "block_id": 1
        },
        {
          "text": "were",
          "confidence": 96,
          "bbox": [
            502,
            565,
            542,
            576
          ],
          "word_id": 112,
          "line_id": 1,
          "block_id": 1
        },
        {
          "text": "owned",
          "confidence": 96,
          "bbox": [
            549,
            560,
            604,
            576
          ],
          "word_id": 113,
          "line_id": 1,
          "block_id": 1
        },
        {
          "text": "and",
          "confidence": 96,
          "bbox": [
            610,
            560,
            639,
            575
          ],
          "word_id": 114,
          "line_id": 1,
          "block_id": 1
        },
        {
          "text": "28,266",
          "confidence": 96,
          "bbox": [
            644,
            560,
            701,
            579
          ],
          "word_id": 115,
          "line_id": 1,
          "block_id": 1
        },
        {
          "text": "and",
          "confidence": 96,
          "bbox": [
            707,
            560,
            737,
            575
          ],
          "word_id": 116,
          "line_id": 1,
          "block_id": 1
        },
        {
          "text": "16,815",
          "confidence": 96,
          "bbox": [
            744,
            560,
            798,
            579
          ],
          "word_id": 117,
          "line_id": 1,
          "block_id": 1
        },
        {
          "text": "were",
          "confidence": 96,
          "bbox": [
            804,
            565,
            845,
            576
          ],
          "word_id": 118,
          "line_id": 1,
          "block_id": 1
        },
        {
          "text": "under",
          "confidence": 96,
          "bbox": [
            850,
            560,
            898,
            575
          ],
          "word_id": 119,
          "line_id": 1,
          "block_id": 1
        },
        {
          "text": "land",
          "confidence": 96,
          "bbox": [
            903,
            560,
            939,
            575
          ],
          "word_id": 120,
          "line_id": 1,
          "block_id": 1
        },
        {
          "text": "option",
          "confidence": 96,
          "bbox": [
            945,
            560,
            998,
            580
          ],
          "word_id": 121,
          "line_id": 1,
          "block_id": 1
        },
        {
          "text": "agreements",
          "confidence": 96,
          "bbox": [
            1003,
            562,
            1097,
            579
          ],
          "word_id": 122,
          "line_id": 1,
          "block_id": 1
        },
        {
          "text": "at",
          "confidence": 96,
          "bbox": [
            1103,
            562,
            1118,
            575
          ],
          "word_id": 123,
          "line_id": 1,
          "block_id": 1
        }
      ],
      "block_id": 12
    },
    {
      "text": "December 31, 2013 and 2012, respectively. While competition for well-positioned land has increased, we",
      "confidence": 81,
      "bbox": [
        85,
        585,
        968,
        605
      ],
      "words": [
        {
          "text": "December",
          "confidence": 96,
          "bbox": [
            85,
            585,
            171,
            600
          ],
          "word_id": 125,
          "line_id": 2,
          "block_id": 1
        },
        {
          "text": "31,",
          "confidence": 96,
          "bbox": [
            177,
            586,
            201,
            604
          ],
          "word_id": 126,
          "line_id": 2,
          "block_id": 1
        },
        {
          "text": "2013",
          "confidence": 96,
          "bbox": [
            208,
            586,
            247,
            600
          ],
          "word_id": 127,
          "line_id": 2,
          "block_id": 1
        },
        {
          "text": "and",
          "confidence": 96,
          "bbox": [
            255,
            585,
            285,
            600
          ],
          "word_id": 128,
          "line_id": 2,
          "block_id": 1
        },
        {
          "text": "2012,",
          "confidence": 96,
          "bbox": [
            290,
            586,
            335,
            604
          ],
          "word_id": 129,
          "line_id": 2,
          "block_id": 1
        },
        {
          "text": "respectively.",
          "confidence": 96,
          "bbox": [
            341,
            585,
            445,
            605
          ],
          "word_id": 130,
          "line_id": 2,
          "block_id": 1
        },
        {
          "text": "While",
          "confidence": 96,
          "bbox": [
            456,
            585,
            507,
            601
          ],
          "word_id": 131,
          "line_id": 2,
          "block_id": 1
        },
        {
          "text": "competition",
          "confidence": 96,
          "bbox": [
            513,
            585,
            612,
            605
          ],
          "word_id": 132,
          "line_id": 2,
          "block_id": 1
        },
        {
          "text": "for",
          "confidence": 96,
          "bbox": [
            617,
            585,
            642,
            600
          ],
          "word_id": 133,
          "line_id": 2,
          "block_id": 1
        },
        {
          "text": "well-positioned",
          "confidence": 95,
          "bbox": [
            646,
            585,
            776,
            605
          ],
          "word_id": 134,
          "line_id": 2,
          "block_id": 1
        },
        {
          "text": "land",
          "confidence": 81,
          "bbox": [
            782,
            585,
            818,
            600
          ],
          "word_id": 135,
          "line_id": 2,
          "block_id": 1
        },
        {
          "text": "has",
          "confidence": 96,
          "bbox": [
            822,
            585,
            850,
            600
          ],
          "word_id": 136,
          "line_id": 2,
          "block_id": 1
        },
        {
          "text": "increased,",
          "confidence": 96,
          "bbox": [
            856,
            585,
            938,
            604
          ],
          "word_id": 137,
          "line_id": 2,
          "block_id": 1
        },
        {
          "text": "we",
          "confidence": 96,
          "bbox": [
            944,
            590,
            968,
            601
          ],
          "word_id": 138,
          "line_id": 2,
          "block_id": 1
        }
      ],
      "block_id": 13
    },
    {
      "text": "continue to pursue strategic land positions that meet our underwriting requirements while also using our existing land assets",
      "confidence": 94,
      "bbox": [
        86,
        610,
        1118,
        630
      ],
      "words": [
        {
          "text": "continue",
          "confidence": 96,
          "bbox": [
            86,
            610,
            156,
            625
          ],
          "word_id": 140,
          "line_id": 3,
          "block_id": 1
        },
        {
          "text": "to",
          "confidence": 96,
          "bbox": [
            162,
            612,
            178,
            625
          ],
          "word_id": 141,
          "line_id": 3,
          "block_id": 1
        },
        {
          "text": "pursue",
          "confidence": 96,
          "bbox": [
            183,
            615,
            239,
            630
          ],
          "word_id": 142,
          "line_id": 3,
          "block_id": 1
        },
        {
          "text": "strategic",
          "confidence": 96,
          "bbox": [
            245,
            610,
            314,
            629
          ],
          "word_id": 143,
          "line_id": 3,
          "block_id": 1
        },
        {
          "text": "land",
          "confidence": 96,
          "bbox": [
            320,
            610,
            356,
            625
          ],
          "word_id": 144,
          "line_id": 3,
          "block_id": 1
        },
        {
          "text": "positions",
          "confidence": 96,
          "bbox": [
            361,
            610,
            436,
            630
          ],
          "word_id": 145,
          "line_id": 3,
          "block_id": 1
        },
        {
          "text": "that",
          "confidence": 95,
          "bbox": [
            442,
            610,
            473,
            625
          ],
          "word_id": 146,
          "line_id": 3,
          "block_id": 1
        },
        {
          "text": "meet",
          "confidence": 95,
          "bbox": [
            478,
            612,
            519,
            625
          ],
          "word_id": 147,
          "line_id": 3,
          "block_id": 1
        },
        {
          "text": "our",
          "confidence": 96,
          "bbox": [
            525,
            615,
            552,
            625
          ],
          "word_id": 148,
          "line_id": 3,
          "block_id": 1
        },
        {
          "text": "underwriting",
          "confidence": 96,
          "bbox": [
            557,
            610,
            664,
            630
          ],
          "word_id": 149,
          "line_id": 3,
          "block_id": 1
        },
        {
          "text": "requirements",
          "confidence": 96,
          "bbox": [
            669,
            610,
            778,
            630
          ],
          "word_id": 150,
          "line_id": 3,
          "block_id": 1
        },
        {
          "text": "while",
          "confidence": 96,
          "bbox": [
            783,
            610,
            830,
            626
          ],
          "word_id": 151,
          "line_id": 3,
          "block_id": 1
        },
        {
          "text": "also",
          "confidence": 96,
          "bbox": [
            836,
            610,
            868,
            625
          ],
          "word_id": 152,
          "line_id": 3,
          "block_id": 1
        },
        {
          "text": "using",
          "confidence": 96,
          "bbox": [
            874,
            610,
            919,
            630
          ],
          "word_id": 153,
          "line_id": 3,
          "block_id": 1
        },
        {
          "text": "our",
          "confidence": 96,
          "bbox": [
            925,
            615,
            952,
            625
          ],
          "word_id": 154,
          "line_id": 3,
          "block_id": 1
        },
        {
          "text": "existing",
          "confidence": 96,
          "bbox": [
            958,
            610,
            1023,
            630
          ],
          "word_id": 155,
          "line_id": 3,
          "block_id": 1
        },
        {
          "text": "land",
          "confidence": 94,
          "bbox": [
            1029,
            610,
            1065,
            625
          ],
          "word_id": 156,
          "line_id": 3,
          "block_id": 1
        },
        {
          "text": "assets",
          "confidence": 95,
          "bbox": [
            1070,
            612,
            1118,
            625
          ],
          "word_id": 157,
          "line_id": 3,
          "block_id": 1
        }
      ],
      "block_id": 14
    },
    {
      "text": "more effectively.",
      "confidence": 95,
      "bbox": [
        85,
        640,
        224,
        655
      ],
      "words": [
        {
          "text": "more",
          "confidence": 96,
          "bbox": [
            85,
            640,
            127,
            650
          ],
          "word_id": 159,
          "line_id": 4,
          "block_id": 1
        },
        {
          "text": "effectively.",
          "confidence": 95,
          "bbox": [
            134,
            635,
            224,
            655
          ],
          "word_id": 160,
          "line_id": 4,
          "block_id": 1
        }
      ],
      "block_id": 15
    },
    {
      "text": "The remaining purchase price under our land option agreements totaled $1.4 billion at December 31, 2013. These land",
      "confidence": 75,
      "bbox": [
        142,
        685,
        1134,
        705
      ],
      "words": [
        {
          "text": "The",
          "confidence": 96,
          "bbox": [
            142,
            685,
            173,
            700
          ],
          "word_id": 163,
          "line_id": 1,
          "block_id": 1
        },
        {
          "text": "remaining",
          "confidence": 96,
          "bbox": [
            179,
            685,
            263,
            705
          ],
          "word_id": 164,
          "line_id": 1,
          "block_id": 1
        },
        {
          "text": "purchase",
          "confidence": 96,
          "bbox": [
            268,
            685,
            342,
            705
          ],
          "word_id": 165,
          "line_id": 1,
          "block_id": 1
        },
        {
          "text": "price",
          "confidence": 96,
          "bbox": [
            348,
            685,
            389,
            705
          ],
          "word_id": 166,
          "line_id": 1,
          "block_id": 1
        },
        {
          "text": "under",
          "confidence": 96,
          "bbox": [
            395,
            685,
            443,
            700
          ],
          "word_id": 167,
          "line_id": 1,
          "block_id": 1
        },
        {
          "text": "our",
          "confidence": 96,
          "bbox": [
            448,
            690,
            476,
            700
          ],
          "word_id": 168,
          "line_id": 1,
          "block_id": 1
        },
        {
          "text": "land",
          "confidence": 75,
          "bbox": [
            481,
            685,
            517,
            700
          ],
          "word_id": 169,
          "line_id": 1,
          "block_id": 1
        },
        {
          "text": "option",
          "confidence": 96,
          "bbox": [
            522,
            685,
            575,
            705
          ],
          "word_id": 170,
          "line_id": 1,
          "block_id": 1
        },
        {
          "text": "agreements",
          "confidence": 96,
          "bbox": [
            581,
            687,
            674,
            705
          ],
          "word_id": 171,
          "line_id": 1,
          "block_id": 1
        },
        {
          "text": "totaled",
          "confidence": 96,
          "bbox": [
            680,
            685,
            737,
            700
          ],
          "word_id": 172,
          "line_id": 1,
          "block_id": 1
        },
        {
          "text": "$1.4",
          "confidence": 93,
          "bbox": [
            743,
            685,
            778,
            702
          ],
          "word_id": 173,
          "line_id": 1,
          "block_id": 1
        },
        {
          "text": "billion",
          "confidence": 93,
          "bbox": [
            783,
            685,
            838,
            700
          ],
          "word_id": 174,
          "line_id": 1,
          "block_id": 1
        },
        {
          "text": "at",
          "confidence": 96,
          "bbox": [
            844,
            687,
            859,
            700
          ],
          "word_id": 175,
          "line_id": 1,
          "block_id": 1
        },
        {
          "text": "December",
          "confidence": 96,
          "bbox": [
            863,
            685,
            949,
            700
          ],
          "word_id": 176,
          "line_id": 1,
          "block_id": 1
        },
        {
          "text": "31,",
          "confidence": 96,
          "bbox": [
            955,
            686,
            979,
            704
          ],
          "word_id": 177,
          "line_id": 1,
          "block_id": 1
        },
        {
          "text": "2013.",
          "confidence": 96,
          "bbox": [
            986,
            686,
            1031,
            700
          ],
          "word_id": 178,
          "line_id": 1,
          "block_id": 1
        },
        {
          "text": "These",
          "confidence": 96,
          "bbox": [
            1043,
            685,
            1092,
            700
          ],
          "word_id": 179,
          "line_id": 1,
          "block_id": 1
        },
        {
          "text": "land",
          "confidence": 96,
          "bbox": [
            1098,
            685,
            1134,
            700
          ],
          "word_id": 180,
          "line_id": 1,
          "block_id": 1
        }
      ],
      "block_id": 16
    },
    {
      "text": "option agreements, which generally may be canceled at our discretion and in certain cases extend over several years, are",
      "confidence": 95,
      "bbox": [
        86,
        710,
        1087,
        730
      ],
      "words": [
        {
          "text": "option",
          "confidence": 96,
          "bbox": [
            86,
            710,
            139,
            730
          ],
          "word_id": 182,
          "line_id": 2,
          "block_id": 1
        },
        {
          "text": "agreements,",
          "confidence": 96,
          "bbox": [
            144,
            712,
            243,
            730
          ],
          "word_id": 183,
          "line_id": 2,
          "block_id": 1
        },
        {
          "text": "which",
          "confidence": 96,
          "bbox": [
            249,
            710,
            300,
            725
          ],
          "word_id": 184,
          "line_id": 2,
          "block_id": 1
        },
        {
          "text": "generally",
          "confidence": 96,
          "bbox": [
            305,
            710,
            383,
            730
          ],
          "word_id": 185,
          "line_id": 2,
          "block_id": 1
        },
        {
          "text": "may",
          "confidence": 96,
          "bbox": [
            388,
            715,
            424,
            730
          ],
          "word_id": 186,
          "line_id": 2,
          "block_id": 1
        },
        {
          "text": "be",
          "confidence": 96,
          "bbox": [
            429,
            710,
            448,
            725
          ],
          "word_id": 187,
          "line_id": 2,
          "block_id": 1
        },
        {
          "text": "canceled",
          "confidence": 96,
          "bbox": [
            455,
            710,
            527,
            725
          ],
          "word_id": 188,
          "line_id": 2,
          "block_id": 1
        },
        {
          "text": "at",
          "confidence": 96,
          "bbox": [
            533,
            712,
            547,
            725
          ],
          "word_id": 189,
          "line_id": 2,
          "block_id": 1
        },
        {
          "text": "our",
          "confidence": 96,
          "bbox": [
            553,
            715,
            580,
            725
          ],
          "word_id": 190,
          "line_id": 2,
          "block_id": 1
        },
        {
          "text": "discretion",
          "confidence": 96,
          "bbox": [
            586,
            710,
            668,
            725
          ],
          "word_id": 191,
          "line_id": 2,
          "block_id": 1
        },
        {
          "text": "and",
          "confidence": 95,
          "bbox": [
            673,
            710,
            703,
            725
          ],
          "word_id": 192,
          "line_id": 2,
          "block_id": 1
        },
        {
          "text": "in",
          "confidence": 95,
          "bbox": [
            708,
            710,
            724,
            725
          ],
          "word_id": 193,
          "line_id": 2,
          "block_id": 1
        },
        {
          "text": "certain",
          "confidence": 96,
          "bbox": [
            730,
            710,
            786,
            725
          ],
          "word_id": 194,
          "line_id": 2,
          "block_id": 1
        },
        {
          "text": "cases",
          "confidence": 96,
          "bbox": [
            792,
            715,
            835,
            725
          ],
          "word_id": 195,
          "line_id": 2,
          "block_id": 1
        },
        {
          "text": "extend",
          "confidence": 96,
          "bbox": [
            841,
            710,
            896,
            725
          ],
          "word_id": 196,
          "line_id": 2,
          "block_id": 1
        },
        {
          "text": "over",
          "confidence": 96,
          "bbox": [
            902,
            715,
            938,
            725
          ],
          "word_id": 197,
          "line_id": 2,
          "block_id": 1
        },
        {
          "text": "several",
          "confidence": 96,
          "bbox": [
            944,
            710,
            1002,
            725
          ],
          "word_id": 198,
          "line_id": 2,
          "block_id": 1
        },
        {
          "text": "years,",
          "confidence": 96,
          "bbox": [
            1007,
            715,
            1056,
            730
          ],
          "word_id": 199,
          "line_id": 2,
          "block_id": 1
        },
        {
          "text": "are",
          "confidence": 96,
          "bbox": [
            1063,
            715,
            1087,
            725
          ],
          "word_id": 200,
          "line_id": 2,
          "block_id": 1
        }
      ],
      "block_id": 17
    },
    {
      "text": "secured by deposits and pre-acquisition costs totaling $91.0 million, of which only $4.5 million is refundable.",
      "confidence": 90,
      "bbox": [
        86,
        735,
        997,
        755
      ],
      "words": [
        {
          "text": "secured",
          "confidence": 96,
          "bbox": [
            86,
            735,
            149,
            750
          ],
          "word_id": 202,
          "line_id": 3,
          "block_id": 1
        },
        {
          "text": "by",
          "confidence": 96,
          "bbox": [
            154,
            735,
            175,
            755
          ],
          "word_id": 203,
          "line_id": 3,
          "block_id": 1
        },
        {
          "text": "deposits",
          "confidence": 96,
          "bbox": [
            181,
            735,
            248,
            755
          ],
          "word_id": 204,
          "line_id": 3,
          "block_id": 1
        },
        {
          "text": "and",
          "confidence": 93,
          "bbox": [
            254,
            735,
            284,
            750
          ],
          "word_id": 205,
          "line_id": 3,
          "block_id": 1
        },
        {
          "text": "pre-acquisition",
          "confidence": 91,
          "bbox": [
            289,
            735,
            414,
            755
          ],
          "word_id": 206,
          "line_id": 3,
          "block_id": 1
        },
        {
          "text": "costs",
          "confidence": 95,
          "bbox": [
            420,
            737,
            460,
            750
          ],
          "word_id": 207,
          "line_id": 3,
          "block_id": 1
        },
        {
          "text": "totaling",
          "confidence": 93,
          "bbox": [
            466,
            735,
            529,
            755
          ],
          "word_id": 208,
          "line_id": 3,
          "block_id": 1
        },
        {
          "text": "$91.0",
          "confidence": 96,
          "bbox": [
            536,
            735,
            581,
            752
          ],
          "word_id": 209,
          "line_id": 3,
          "block_id": 1
        },
        {
          "text": "million,",
          "confidence": 90,
          "bbox": [
            587,
            735,
            651,
            754
          ],
          "word_id": 210,
          "line_id": 3,
          "block_id": 1
        },
        {
          "text": "of",
          "confidence": 96,
          "bbox": [
            658,
            735,
            677,
            750
          ],
          "word_id": 211,
          "line_id": 3,
          "block_id": 1
        },
        {
          "text": "which",
          "confidence": 96,
          "bbox": [
            680,
            735,
            731,
            750
          ],
          "word_id": 212,
          "line_id": 3,
          "block_id": 1
        },
        {
          "text": "only",
          "confidence": 96,
          "bbox": [
            737,
            735,
            774,
            755
          ],
          "word_id": 213,
          "line_id": 3,
          "block_id": 1
        },
        {
          "text": "$4.5",
          "confidence": 96,
          "bbox": [
            779,
            735,
            814,
            752
          ],
          "word_id": 214,
          "line_id": 3,
          "block_id": 1
        },
        {
          "text": "million",
          "confidence": 95,
          "bbox": [
            820,
            735,
            881,
            750
          ],
          "word_id": 215,
          "line_id": 3,
          "block_id": 1
        },
        {
          "text": "is",
          "confidence": 96,
          "bbox": [
            886,
            735,
            899,
            750
          ],
          "word_id": 216,
          "line_id": 3,
          "block_id": 1
        },
        {
          "text": "refundable.",
          "confidence": 96,
          "bbox": [
            904,
            735,
            997,
            750
          ],
          "word_id": 217,
          "line_id": 3,
          "block_id": 1
        }
      ],
      "block_id": 18
    },
    {
      "text": "26",
      "confidence": 96,
      "bbox": [
        608,
        1546,
        628,
        1561
      ],
      "words": [
        {
          "text": "26",
          "confidence": 96,
          "bbox": [
            608,
            1546,
            628,
            1561
          ],
          "word_id": 220,
          "line_id": 1,
          "block_id": 1
        }
      ],
      "block_id": 19
    }
  ],
  "ocr_config": {
    "psm": 6,
    "oem": 3,
    "lang": "eng"
  },
  "image_size": [
    1237,
    1612
  ],
  "summary": {
    "total_text_blocks": 20,
    "total_characters": 1281,
    "average_confidence": 91.9,
    "confidence_distribution": {
      "high_confidence": 19,
      "medium_confidence": 1,
      "low_confidence": 0
    }
  }
}